CURVE,X,Y
175,0,0.1
223,0,0.13
382,0,0.17
375,0,0.17
141,0,0.15
266,0,0.19
174,0,0.2
113,0,0.18
46,0,0.15
23,0,0.1
306,0,0.21
296,0,0.21
373,0,0.23
247,0,0.23
372,0,0.26
305,0,0.28
389,0,0.32
385,0,0.32
381,0,0.34
374,0,0.34
356,0,0.3
352,0,0.3
295,0,0.28
294,0,0.51
161,0,0.39
48,0,0.25
384,0,0.68
162,0,0.61
142,0,0.6
47,0,0.6
25,0,0.2
10,0,0.2
279,0,0.8
267,0,0.81
248,0,0.77
337,0,0.85
333,0,0.85
224,0,0.87
120,0,0.82
114,0,0.82
73,0,0.7
24,0,0.7
9,0,0.7
8,0,0.1
202,79,0
344,79,0
344,80,0.15
239,79,0
239,80,0.13
204,79,0
204,80,0.1
263,79,0
263,80,0.23
345,79,0
345,80,0.85
264,79,0
264,80,0.77
265,79,0
265,80,1
260,79,0
260,80,1
260,100,1
260,101,0
240,79,0
240,80,0.87
205,79,0
205,80,0.7
203,79,0
203,80,0.2
350,79,0
350,80,50.4
350,90,57.5
350,100,64.2
350,110,70.2
350,120,75.7
350,130,80.9
350,140,85.6
245,79,0
245,80,58.1
245,90,66.3
245,100,73.8
245,110,80.7
245,120,87.1
245,130,92.9
206,79,0
206,80,1
199,79,0
199,80,1
199,100,1
199,101,0
419,79,0
419,80,91.8
419,90,104.1
419,100,116
349,79,0
349,80,100.8
349,90,115
349,100,128.4
349,110,140.4
349,120,151.5
349,130,161.7
349,140,171.2
244,79,0
244,80,116.2
244,90,132.7
244,100,147.6
244,110,161.3
244,120,174.1
244,130,185.7
341,79,0
341,80,75.6
341,90,86.2
341,100,96.3
341,110,105.3
341,120,113.6
341,130,121.3
341,140,128.4
234,79,0
234,80,75.6
234,90,86.2
234,100,95.9
234,110,104.8
234,120,113.2
234,130,120.7
196,79,0
196,80,60.4
196,90,68.8
196,100,76.9
196,110,84
196,120,90.7
196,130,96.8
196,140,102.5
418,79,0
418,80,183.6
418,90,208.2
418,100,232
411,79,0
411,80,211.1
411,90,239.5
411,100,266.8
351,79,0
351,80,353
351,90,402.4
351,100,449.6
351,110,491.2
351,120,530.2
351,130,565.9
351,140,599.1
257,79,0
257,80,138.9
257,90,158.3
257,100,176.8
257,110,193.3
257,120,208.6
257,130,222.7
257,140,235.7
246,79,0
246,80,406.9
246,90,464.4
246,100,516.5
246,110,564.5
246,120,609.5
246,130,650
342,79,0
342,80,428.6
342,90,488.7
342,100,545.9
342,110,596.5
342,120,643.8
342,130,687.2
342,140,727.5
343,79,0
343,80,504.2
343,90,574.9
343,100,642.2
343,110,701.8
343,120,757.4
343,130,808.5
343,140,855.9
258,79,0
258,80,464.9
258,90,530
258,100,592.1
258,110,647.1
258,120,698.3
258,130,745.4
258,140,789.2
236,79,0
236,80,581.2
236,90,663.4
236,100,737.9
236,110,806.5
236,120,870.7
236,130,928.6
235,79,0
235,80,505.6
235,90,577.2
235,100,642
235,110,701.7
235,120,757.5
235,130,807.9
420,79,0
420,80,642.4
420,90,728.8
420,100,811.9
412,79,0
412,80,917.8
412,90,1041.1
412,100,1159.9
410,79,0
410,80,706.7
410,90,801.6
410,100,893.1
414,79,0
414,101,0
414,102,1
238,79,0
238,130,0
238,131,1
262,79,0
262,140,0
262,141,1
201,79,0
201,140,0
201,141,1
261,79,0
261,100,0
261,101,1
261,140,1
261,141,0
413,79,0
413,100,0
413,101,1
413,102,0
237,79,0
237,100,0
237,101,1
237,130,1
237,131,0
200,79,0
200,100,0
200,101,1
200,140,1
200,141,0
259,79,0
259,80,603.8
259,90,688.3
259,100,768.9
259,110,840.4
259,120,906.9
259,130,968.1
259,140,1024.9
198,79,0
198,80,603.8
198,90,688.3
198,100,768.9
198,110,840.4
198,120,906.9
198,130,968.1
198,140,1024.9
197,79,0
197,80,422.6
197,90,481.8
197,100,538.2
197,110,588.3
197,120,634.8
197,130,677.7
197,140,717.4
195,79,0
195,80,120.8
195,90,137.7
195,100,153.8
195,110,168.1
195,120,181.4
195,130,193.6
195,140,205
89,89,0
277,89,0
277,90,0.19
157,89,0
157,90,0.15
91,89,0
91,90,0.1
363,89,0
363,90,0.3
159,89,0
159,90,0.25
158,89,0
158,90,0.6
278,89,0
278,90,0.81
92,89,0
92,90,0.7
90,89,0
90,90,0.2
93,89,0
93,90,1
86,89,0
86,90,1
86,110,1
86,111,0
274,89,0
274,90,92.2
274,100,103.4
274,110,113.8
274,120,123.6
274,130,132.4
274,140,140.3
274,150,147.4
274,160,154.1
274,170,160.1
274,180,165.6
274,190,170.8
274,200,175.2
274,210,179.3
274,220,183
151,89,0
151,90,66.6
151,100,75.4
151,110,83.4
151,120,90.9
151,130,97.8
151,140,104.1
151,150,109.8
151,160,115
83,89,0
83,90,48.5
83,100,54.4
83,110,59.9
83,120,65
83,130,69.7
83,140,73.8
83,150,77.6
83,160,81.1
83,170,84.3
83,180,87.2
83,190,89.9
83,200,92.2
83,210,94.4
83,220,96.3
361,89,0
361,90,133.3
361,100,150.8
361,110,166.9
361,120,181.7
361,130,195.7
361,140,208.2
361,150,219.6
361,160,229.9
153,89,0
153,90,111
153,100,125.7
153,110,139.1
153,120,151.4
153,130,163.1
153,140,173.5
153,150,183
153,160,191.6
360,89,0
360,90,310.9
360,100,351.8
360,110,389.3
360,120,424.1
360,130,456.6
360,140,485.9
360,150,512.4
360,160,536.5
152,89,0
152,90,266.6
152,100,301.5
152,110,333.7
152,120,363.5
152,130,391.4
152,140,416.5
152,150,439.2
152,160,459.8
275,89,0
275,90,393.2
275,100,440.6
275,110,485
275,120,526.7
275,130,564.4
275,140,598.1
275,150,628.6
275,160,657.1
275,170,682.7
275,180,706.1
275,190,727.9
275,200,747.1
275,210,764.5
275,220,780.2
362,89,0
362,90,444.2
362,100,502.6
362,110,556.2
362,120,605.8
362,130,652.3
362,140,694.1
362,150,732
362,160,766.4
276,89,0
276,90,485.4
276,100,544
276,110,598.8
276,120,650.3
276,130,696.8
276,140,738.4
276,150,776
276,160,811.2
276,170,842.8
276,180,871.7
276,190,898.7
276,200,922.3
276,210,943.8
276,220,963.2
154,89,0
154,90,444.2
154,100,502.6
154,110,556.2
154,120,605.8
154,130,652.3
154,140,694.1
154,150,732
154,160,766.4
156,89,0
156,160,0
156,161,1
88,89,0
88,200,0
88,201,1
155,89,0
155,110,0
155,111,1
155,160,1
155,161,0
87,89,0
87,110,0
87,111,1
87,200,1
87,201,0
85,89,0
85,90,485.4
85,100,544
85,110,598.8
85,120,650.3
85,130,696.8
85,140,738.4
85,150,776
85,160,811.2
85,170,842.8
85,180,871.7
85,190,898.7
85,200,922.3
85,210,943.8
85,220,963.2
84,89,0
84,90,339.8
84,100,380.8
84,110,419.1
84,120,455.2
84,130,487.7
84,140,516.9
84,150,543.2
84,160,567.9
84,170,589.9
84,180,610.2
84,190,629.1
84,200,645.6
84,210,660.6
84,220,674.3
82,89,0
82,90,97.1
82,100,108.8
82,110,119.8
82,120,130.1
82,130,139.4
82,140,147.7
82,150,155.2
82,160,162.2
82,170,168.6
82,180,174.3
82,190,179.7
82,200,184.5
82,210,188.8
82,220,192.6
64,69,0
108,69,0
108,70,0.1
107,69,0
107,70,0.2
432,69,0
432,70,0.3
397,69,0
397,70,0.32
67,69,0
67,70,0.25
396,69,0
396,70,0.68
289,69,0
289,70,0.8
109,69,0
109,70,0.7
66,69,0
66,70,0.6
65,69,0
65,70,0.15
215,69,0
215,70,107.9
215,80,128.5
215,90,147.5
104,69,0
104,70,87
104,80,101.4
104,90,115.3
68,69,0
68,70,1
61,69,0
61,70,1
61,90,1
61,91,0
217,69,0
217,70,179.9
217,80,214.1
217,90,245.9
286,69,0
286,70,173.9
286,80,202.7
286,90,230.7
103,69,0
103,70,173.9
103,80,202.7
103,90,230.7
431,69,0
431,70,241.6
431,80,285.7
431,90,325.9
394,69,0
394,70,230.2
394,80,274.1
394,90,314.7
216,69,0
216,70,431.7
216,80,513.9
216,90,590.1
59,69,0
59,70,201.3
59,80,238.1
59,90,271.6
430,69,0
430,70,563.6
430,80,666.7
430,90,760.6
393,69,0
393,70,489.3
393,80,582.4
393,90,668.8
287,69,0
287,70,695.6
287,80,810.8
287,90,922.7
395,69,0
395,70,719.5
395,80,856.5
395,90,983.5
218,69,0
218,70,719.5
218,80,856.5
218,90,983.5
105,69,0
105,70,608.6
105,80,709.4
105,90,807.4
288,69,0
288,70,869.5
288,80,1013.5
288,90,1153.4
106,69,0
106,70,869.5
106,80,1013.5
106,90,1153.4
63,69,0
63,91,0
63,92,1
62,69,0
62,90,0
62,91,1
62,92,0
60,69,0
60,70,805.2
60,80,952.4
60,90,1086.5
58,69,0
58,70,483.1
58,80,571.4
58,90,651.9
57,69,0
57,70,120.8
57,80,142.9
57,90,163
318,189,0
331,189,0
331,190,0.15
330,189,0
330,190,0.25
321,189,0
321,190,0.21
320,189,0
320,190,0.28
329,189,0
329,190,0.6
319,189,0
319,190,0.51
328,189,0
328,190,52
328,200,55.3
328,210,58.1
328,220,60.4
328,230,62.6
328,240,64.7
328,250,66.7
328,260,69.1
328,280,73.5
328,290,75.5
322,189,0
322,190,1
315,189,0
315,190,1
315,210,1
315,211,0
327,189,0
327,190,86.7
327,200,92.1
327,210,96.9
327,220,100.8
327,230,104.4
327,250,111.2
327,260,115.2
327,270,118.9
327,280,122.4
327,290,125.8
314,189,0
314,190,72.8
314,200,77.4
314,210,81.4
314,220,84.6
314,230,87.7
314,240,90.6
314,250,93.4
314,260,96.7
314,270,99.9
314,280,102.8
314,290,105.6
312,189,0
312,190,97.1
312,200,103.2
312,210,108.5
312,220,112.8
312,230,116.9
312,240,120.8
312,250,124.6
312,260,129
312,270,133.2
312,280,137.1
312,290,140.8
326,189,0
326,190,208.2
326,200,221
326,210,232.5
326,220,241.8
326,230,250.6
326,250,267
326,260,276.4
326,270,285.4
326,280,293.8
326,290,301.7
317,189,0
317,211,0
317,212,1
316,189,0
316,210,0
316,211,1
316,212,0
313,189,0
313,190,346.9
313,200,368.4
313,210,387.5
313,220,403
313,230,417.6
313,240,431.3
313,250,444.9
313,260,460.7
313,270,475.6
313,280,489.7
313,290,503
311,189,0
311,190,177
311,200,187.8
311,210,197.6
311,220,205.6
311,230,213
311,240,219.9
311,250,226.9
311,260,235
311,270,242.5
311,280,249.8
311,290,256.6
37,99,0
183,99,0
183,100,0.1
138,99,0
138,100,0.1
182,99,0
182,100,0.2
137,99,0
137,100,0.2
129,99,0
129,100,0.18
184,99,0
184,100,0.7
173,99,0
173,100,0.61
172,99,0
172,100,0.39
40,99,0
40,100,0.2
130,99,0
130,100,0.82
39,99,0
39,100,0.7
38,99,0
38,100,0.1
180,99,0
180,100,29.8
180,110,33.9
180,120,37.5
180,130,40.6
180,140,43.3
180,160,48.5
180,170,50.9
180,180,52.9
180,190,54.7
180,200,56.2
180,210,57.8
180,230,60.4
180,250,62.6
180,270,64.4
180,290,65.8
135,99,0
135,100,31.8
135,110,36
135,120,39.7
135,130,42.9
135,140,45.7
135,150,48.6
135,160,51.2
135,170,53.6
135,180,55.7
135,190,57.5
135,200,59.2
135,220,62.2
135,230,63.5
135,240,64.7
135,260,66.7
135,270,67.6
135,280,68.4
135,290,69
179,99,0
179,100,59.7
179,110,67.8
179,120,75
179,130,81.2
179,140,86.6
179,150,91.9
179,160,97
179,170,101.7
179,180,105.8
179,190,109.3
179,200,112.5
179,210,115.5
179,220,118.3
179,230,120.8
179,240,123.1
179,250,125.2
179,260,127.1
179,280,130.3
179,290,131.5
134,99,0
134,100,63.6
134,110,72
134,120,79.4
134,130,85.7
134,150,97.1
134,160,102.5
134,170,107.2
134,180,111.3
134,190,114.9
134,200,118.3
134,210,121.5
134,220,124.3
134,230,127
134,240,129.4
134,250,131.5
134,260,133.4
134,270,135.2
134,280,136.7
134,290,138.1
124,99,0
124,100,57.3
124,110,64.8
124,120,71.5
124,130,77.2
124,150,87.4
124,160,92.2
124,170,96.5
124,180,100.2
124,190,103.4
124,200,106.5
124,210,109.3
124,220,111.9
124,230,114.3
124,240,116.4
124,250,118.3
124,260,120.1
124,270,121.7
124,290,124.3
41,99,0
41,100,1
34,99,0
34,100,1
34,120,1
34,121,0
169,99,0
169,100,116.4
169,110,132.1
169,120,146.2
169,130,158.3
169,140,168.9
169,150,179.1
169,160,189.2
169,170,198.3
169,180,206.3
169,190,213.1
169,200,219.4
169,210,225.2
169,220,230.6
169,230,235.5
169,240,240
169,250,244.1
169,260,247.8
169,270,251
169,280,254
169,290,256.5
181,99,0
181,100,208.9
181,110,237.1
181,120,262.4
181,130,284.1
181,140,303.1
181,150,321.5
181,160,339.7
181,170,355.9
181,180,370.2
181,190,382.5
181,200,393.8
181,210,404.2
181,220,413.9
181,230,422.7
181,240,430.8
181,250,438.2
181,260,444.7
181,270,450.5
181,280,455.9
181,290,460.4
170,99,0
170,100,182
170,110,206.7
170,120,228.7
170,130,247.6
170,140,264.1
170,150,280.2
170,160,296
170,170,310.2
170,180,322.6
170,190,333.4
170,200,343.1
170,210,352.3
170,220,360.7
170,230,368.4
170,240,375.4
170,250,381.9
170,260,387.5
170,270,392.6
170,280,397.3
170,290,401.2
136,99,0
136,100,222.7
136,110,252
136,120,278.1
136,130,300.1
136,140,320
136,150,339.8
136,160,358.6
136,170,375.2
136,180,389.5
136,190,402.3
136,200,414.1
136,210,425.2
136,220,435.2
136,230,444.3
136,240,452.7
136,250,460.1
136,260,466.9
136,270,473.2
136,280,478.4
136,290,483.2
171,99,0
171,100,298.4
171,110,338.8
171,120,374.9
171,130,405.9
171,140,433
171,150,459.3
171,160,485.2
171,170,508.5
171,180,528.9
171,190,546.5
171,200,562.5
171,210,577.5
171,220,591.3
171,230,603.9
171,240,615.4
171,250,626
171,260,635.3
171,270,643.6
171,280,651.3
171,290,657.7
126,99,0
126,100,318.1
126,110,360
126,120,397.2
126,130,428.7
126,150,485.5
126,160,512.3
126,170,536
126,180,556.5
126,190,574.7
126,200,591.6
126,210,607.4
126,220,621.7
126,230,634.8
126,240,646.8
126,250,657.3
126,260,667
126,270,676
126,280,683.5
126,290,690.3
125,99,0
125,100,260.8
125,110,295.2
125,120,325.7
125,130,351.5
125,150,398.1
125,160,420.1
125,170,439.5
125,180,456.3
125,190,471.3
125,200,485.1
125,210,498.1
125,220,509.8
125,230,520.5
125,240,530.4
125,250,539
125,260,546.9
125,270,554.3
125,280,560.5
125,290,566
32,99,0
32,100,128.4
32,110,142.6
32,120,155.9
32,130,168.1
32,140,179
128,99,0
128,200,0
128,201,1
36,99,0
36,140,0
36,141,1
127,99,0
127,120,0
127,121,1
127,200,1
127,201,0
35,99,0
35,120,0
35,121,1
35,140,1
35,141,0
33,99,0
33,100,641.9
33,110,713
33,120,779.7
33,130,840.6
33,140,895.2
31,99,0
31,100,449.3
31,110,499.1
31,120,545.8
31,130,588.4
31,140,626.7
30,99,0
30,100,64.2
30,110,71.3
30,120,78
30,130,84.1
30,140,89.5
15,0,1
21,0,1
21,5,1
21,6,0
2,0,1
6,0,1
6,5,1
6,6,0
383,0,0
400,0,0
400,1,0
400,10,0.1
400,20,3.8
400,30,18.3
400,40,49.4
400,50,97.4
400,60,158
400,70,224.1
400,80,291.4
400,90,356.9
400,100,418.4
400,110,474.4
400,120,523.9
400,130,566.1
400,140,601.1
400,150,628.8
400,160,649.3
400,170,663.2
400,180,671.1
400,190,673.3
400,200,670
400,210,664
400,220,659.8
400,250,646.3
400,260,641.7
400,270,637.3
400,280,632.8
400,290,628.2
400,299,624.2
398,0,0
398,1,0
398,10,0.1
398,20,1.1
398,30,5.2
398,40,14.1
398,50,27.8
398,60,45.2
398,70,64
398,80,83.2
398,90,102
398,100,119.6
398,110,135.6
398,120,149.7
398,130,161.8
398,140,171.7
398,150,179.6
398,160,185.5
398,170,189.5
398,180,191.7
398,190,192.4
398,200,191.4
398,210,189.7
398,220,188.5
398,240,185.9
398,250,184.7
398,290,179.5
398,299,178.3
401,0,0
401,1,0
401,10,0.2
401,20,5.4
401,30,26.1
401,40,70.6
401,50,139.1
401,60,225.8
401,70,320.1
401,80,416.2
401,90,509.9
401,100,597.8
401,110,677.8
401,120,748.4
401,130,808.8
401,140,858.7
401,150,898.2
401,160,927.6
401,170,947.5
401,180,958.7
401,190,961.9
401,200,957.1
401,210,948.6
401,220,942.6
401,230,936.1
401,250,923.3
401,260,916.8
401,280,904
401,290,897.5
401,299,891.7
227,0,0
227,1,0
227,10,0.2
227,20,5.4
227,30,26.1
227,40,70.6
227,50,139.1
227,60,225.8
227,70,320.1
227,80,416.2
227,90,509.9
227,100,597.8
227,110,677.8
227,120,748.4
227,130,808.8
227,140,858.7
227,150,898.2
227,160,927.6
227,170,947.5
227,180,958.7
227,190,961.9
227,200,957.1
227,210,948.6
227,220,942.6
227,230,936.1
227,250,923.3
227,260,916.8
227,280,904
227,290,897.5
227,299,891.7
226,0,0
226,1,0
226,10,0.2
226,20,4.7
226,30,22.7
226,40,61.4
226,50,121
226,60,196.4
226,70,278.5
226,80,362.1
226,90,443.6
226,100,520.1
226,110,589.7
226,120,651.1
226,130,703.7
226,140,747.1
226,150,781.4
226,160,807
226,170,824.3
226,180,834.1
226,190,836.9
226,200,832.7
226,210,825.3
226,220,820.1
226,230,814.4
226,240,808.8
226,250,803.3
226,260,797.6
226,270,792
226,280,786.5
226,290,780.8
226,299,775.8
367,0,0
367,1,0
367,10,0.3
367,20,6.5
367,30,29.4
367,40,75.2
367,50,141.5
367,60,220.8
367,70,302.1
367,80,380.3
367,90,451.7
367,100,514.1
367,110,566.2
367,120,607.6
367,130,638.5
367,140,659.5
367,150,671.3
367,160,674.8
367,170,671.1
367,180,661.2
367,190,646
367,200,629.8
367,210,618.7
367,220,616
367,299,537
380,0,0
380,1,0
380,10,0.6
380,20,1.9
380,30,3.6
380,40,5.6
380,50,7.7
380,80,14.3
380,90,16.4
380,100,18.4
380,110,20.3
380,120,22.1
380,130,23.7
380,140,25.2
380,150,26.6
380,160,27.8
380,170,28.9
380,180,29.8
380,190,30.6
380,200,31.3
380,210,31.8
380,220,32.2
380,240,32.8
380,250,32.9
380,260,32.9
380,270,32.8
380,290,32.4
380,299,32.3
300,0,0
300,1,0
300,10,0.5
300,20,1.5
300,30,2.8
300,40,4.2
300,50,5.8
300,60,7.5
300,70,9.1
300,80,10.8
300,100,14
300,120,17
300,150,20.9
300,160,22
300,170,23
300,190,24.8
300,210,26.2
300,220,26.8
300,240,27.8
300,260,28.4
300,280,28.8
300,290,28.9
300,299,29
377,0,0
377,1,0
377,10,0.8
377,20,2.6
377,30,4.9
377,40,7.6
377,50,10.4
377,70,16.4
377,80,19.3
377,90,22.2
377,100,24.9
377,110,27.5
377,120,29.9
377,130,32.1
377,140,34.1
377,150,36
377,160,37.6
377,170,39.1
377,180,40.3
377,190,41.4
377,200,42.3
377,210,43
377,220,43.6
377,230,44
377,240,44.3
377,250,44.5
377,260,44.5
377,270,44.4
377,280,44.2
377,290,43.9
377,299,43.7
378,0,0
378,1,0
378,10,1.1
378,20,3.7
378,30,7.2
378,40,11.1
378,50,15.4
378,80,28.6
378,100,36.8
378,110,40.5
378,120,44.1
378,130,47.5
378,140,50.5
378,160,55.7
378,170,57.7
378,180,59.6
378,190,61.2
378,200,62.6
378,210,63.6
378,220,64.5
378,230,65.1
378,240,65.5
378,250,65.6
378,260,65.6
378,280,65.4
378,290,64.9
378,299,64.5
376,0,0
376,1,0
376,10,0.9
376,20,2.9
376,30,5.5
376,40,8.5
376,60,15.1
376,70,18.5
376,90,25.1
376,110,31.1
376,120,33.8
376,130,36.3
376,140,38.6
376,150,40.7
376,160,42.5
376,170,44.2
376,180,45.6
376,190,46.8
376,200,47.8
376,210,48.7
376,220,49.3
376,230,49.8
376,240,50.1
376,250,50.3
376,260,50.3
376,270,50.2
376,290,49.6
376,299,49.4
298,0,0
298,1,0
298,10,0.7
298,20,2
298,30,3.7
298,40,5.7
298,50,7.8
298,80,14.4
298,90,16.5
298,100,18.7
298,110,20.7
298,130,24.5
298,140,26.2
298,150,27.8
298,160,29.3
298,170,30.7
298,180,31.9
298,200,34.1
298,210,35
298,220,35.8
298,240,37
298,250,37.5
298,260,37.9
298,270,38.2
298,280,38.4
298,290,38.5
298,299,38.7
297,0,0
297,1,0
297,10,1.2
297,20,3.6
297,30,6.7
297,40,10.3
297,50,14.1
297,60,18
297,70,22.2
297,80,26.1
297,90,30.2
297,100,33.9
297,110,37.7
297,120,41.2
297,130,44.6
297,140,47.7
297,150,50.6
297,160,53.3
297,170,55.8
297,180,58.2
297,190,60.2
297,200,62.1
297,210,63.7
297,220,65.1
297,230,66.4
297,240,67.4
297,250,68.3
297,260,69
297,270,69.5
297,290,70.1
297,299,70.4
336,0,0
336,1,0
336,10,1.6
336,20,19.7
336,30,71.2
336,40,159.5
336,50,276.3
336,60,407.2
336,70,541.5
336,80,671.8
336,90,792.5
336,100,900.3
336,110,992.8
336,120,1069.1
336,130,1128.9
336,140,1172.8
336,150,1201.5
336,160,1216.4
336,170,1218.7
336,180,1210.1
336,190,1191.9
336,200,1165.6
336,210,1132.6
336,220,1094.3
336,230,1051.7
336,240,1019.1
336,250,1012.1
336,260,1032.8
336,270,1026.4
336,290,1013.8
336,299,1008.1
335,0,0
335,1,0
335,10,1.4
335,20,16.7
335,30,60.5
335,40,135.6
335,50,234.9
335,60,346.1
335,70,460.3
335,80,571
335,90,673.6
335,100,765.3
335,110,843.9
335,120,908.7
335,130,959.6
335,140,996.9
335,150,1021.3
335,160,1033.9
335,170,1035.9
335,180,1028.6
335,190,1013.1
335,200,990.8
335,210,962.7
335,220,930.2
335,230,893.9
335,240,866.2
335,250,860.3
335,260,877.9
335,270,872.4
335,280,867.1
335,290,861.7
335,299,856.9
188,0,0
188,1,0
188,10,1.4
188,20,5.7
188,30,12.2
188,40,20.2
188,50,28.9
188,60,38
188,70,47
188,80,55.6
188,90,63.6
188,100,70.8
188,110,77.1
188,120,82.6
188,130,87.1
188,140,90.7
188,150,93.4
188,160,95.3
188,170,96.4
188,180,96.8
188,190,96.5
188,210,95.1
188,220,94.9
188,230,94.3
188,240,93.8
188,250,93.2
188,260,92.7
188,270,92.1
188,280,91.6
188,290,91
188,299,90.5
165,0,0
165,1,0
165,10,0.3
165,20,6.5
165,30,29.4
165,40,75.2
165,50,141.5
165,60,220.8
165,70,302.1
165,80,380.3
165,90,451.7
165,100,514.1
165,110,566.2
165,120,607.6
165,130,638.5
165,140,659.5
165,150,671.3
165,160,674.8
165,170,671.1
165,180,661.2
165,190,646
165,200,629.8
165,210,618.7
165,220,616
165,299,537
334,0,0
334,1,0
334,10,0.2
334,20,3
334,30,10.7
334,40,23.9
334,50,41.4
334,60,61.1
334,70,81.2
334,80,100.8
334,90,118.9
334,100,135
334,110,148.9
334,120,160.4
334,130,169.3
334,140,175.9
334,150,180.2
334,160,182.5
334,170,182.8
334,180,181.5
334,190,178.8
334,200,174.8
334,210,169.9
334,220,164.1
334,230,157.8
334,240,152.9
334,250,151.8
334,260,154.9
334,270,154
334,280,153
334,290,152.1
334,299,151.2
366,0,0
366,1,0
366,10,0.2
366,20,4.5
366,30,20.6
366,40,52.7
366,50,99
366,60,154.5
366,70,211.5
366,80,266.2
366,90,316.2
366,100,359.9
366,110,396.4
366,120,425.3
366,130,446.9
366,140,461.6
366,150,469.9
366,160,472.3
366,170,469.8
366,180,462.9
366,190,452.2
366,200,440.8
366,210,433.1
366,220,431.2
366,299,375.9
164,0,0
164,1,0
164,10,0.2
164,20,3.9
164,30,17.9
164,40,45.9
164,50,86.3
164,60,134.7
164,70,184.3
164,80,232
164,90,275.5
164,100,313.6
164,110,345.4
164,120,370.6
164,130,389.5
164,140,402.3
164,150,409.5
164,160,411.6
164,170,409.4
164,180,403.3
164,190,394
164,200,384.2
164,210,377.4
164,220,375.7
164,290,333
164,299,327.6
364,0,0
364,1,0
364,10,0.1
364,20,1.3
364,30,5.9
364,40,15
364,50,28.3
364,60,44.2
364,70,60.4
364,80,76.1
364,90,90.3
364,100,102.8
364,110,113.2
364,120,121.5
364,130,127.7
364,140,131.9
364,150,134.3
364,160,135
364,170,134.2
364,180,132.2
364,190,129.2
364,200,126
364,210,123.7
364,220,123.2
364,299,107.4
269,0,0
269,1,0
269,10,0.1
269,20,1.9
269,30,11.3
269,40,34.3
269,50,73
269,60,124.5
269,70,182.5
269,80,242.5
269,90,301.5
269,100,357.3
269,110,408.4
269,120,453.9
269,130,493.2
269,140,526.1
269,150,552.5
269,160,572.7
269,170,586.8
269,180,595.6
269,190,599.3
269,200,597.9
269,210,593.9
269,230,588.7
269,240,586
269,250,583.4
269,270,578
269,290,572.8
269,299,570.3
163,0,0
163,1,0
163,10,0.1
163,20,2.6
163,30,11.5
163,40,29.3
163,50,55.2
163,60,86.1
163,70,117.8
163,80,148.3
163,90,176.2
163,100,200.5
163,110,220.8
163,120,237
163,130,249
163,140,257.2
163,150,261.8
163,160,263.2
163,170,261.7
163,180,257.9
163,190,252
163,200,245.6
163,210,241.3
163,220,240.3
163,290,213
163,299,209.4
270,0,0
270,1,0
270,10,0.1
270,20,2.3
270,30,13.9
270,40,42.4
270,50,90.1
270,60,153.7
270,70,225.3
270,80,299.4
270,90,372.2
270,100,441.1
270,110,504.2
270,120,560.4
270,130,608.9
270,140,649.5
270,150,682.1
270,160,707
270,170,724.5
270,180,735.3
270,190,739.9
270,200,738.1
270,210,733.2
270,230,726.8
270,270,713.6
270,280,710.4
270,290,707.1
270,299,704.1
77,0,0
77,1,0
77,10,0.1
77,20,2.3
77,30,13.9
77,40,42.4
77,50,90.1
77,60,153.7
77,70,225.3
77,80,299.4
77,90,372.2
77,100,441.1
77,110,504.2
77,120,560.4
77,130,608.9
77,140,649.5
77,150,682.1
77,160,707
77,170,724.5
77,180,735.3
77,190,739.9
77,200,738.1
77,210,733.2
77,230,726.8
77,270,713.6
77,280,710.4
77,290,707.1
77,299,704.1
76,0,0
76,1,0
76,10,0.1
76,20,1.6
76,30,9.7
76,40,29.7
76,50,63.1
76,60,107.6
76,70,157.7
76,80,209.6
76,90,260.6
76,100,308.8
76,110,353
76,120,392.3
76,130,426.2
76,140,454.7
76,150,477.5
76,160,494.9
76,170,507.1
76,180,514.7
76,190,517.9
76,200,516.7
76,210,513.3
76,230,508.7
76,240,506.5
76,250,504.2
76,260,501.8
76,270,499.5
76,280,497.3
76,290,495
76,299,492.9
299,0,0
299,1,0
299,10,2.4
299,20,7.1
299,30,13.2
299,40,20.2
299,50,27.7
299,60,35.5
299,70,43.5
299,90,59.1
299,100,66.6
299,110,73.9
299,120,80.8
299,130,87.4
299,140,93.5
299,150,99.3
299,160,104.6
299,170,109.5
299,180,114
299,190,118
299,200,121.7
299,210,124.9
299,220,127.7
299,230,130.1
299,240,132.2
299,250,133.9
299,260,135.3
299,270,136.3
299,280,137
299,290,137.5
299,299,138.1
207,0,0
207,1,0
207,10,2.6
207,20,11.1
207,30,24.2
207,40,40.5
207,50,58.5
207,60,77.3
207,70,96
207,80,113.8
207,90,130.3
207,100,145.2
207,110,158.2
207,120,169.2
207,130,178.3
207,140,185.3
207,150,190.5
207,160,193.8
207,170,195.6
207,180,195.8
207,190,194.7
207,200,193
207,210,192.2
207,220,193.2
207,290,189.7
207,299,189.3
187,0,0
187,1,0
187,10,2.8
187,20,11.4
187,30,24.5
187,40,40.4
187,50,57.9
187,60,76
187,70,94
187,80,111.2
187,90,127.1
187,100,141.6
187,110,154.3
187,120,165.2
187,130,174.2
187,140,181.4
187,150,186.8
187,160,190.6
187,170,192.8
187,180,193.6
187,190,193.1
187,200,191.6
187,210,190.2
187,220,189.8
187,290,182.1
187,299,181.1
96,0,0
96,1,0
96,10,1.8
96,20,7.5
96,30,16.5
96,40,27.7
96,50,40.1
96,60,53.1
96,70,65.9
96,80,78.2
96,90,89.6
96,100,99.9
96,110,108.9
96,120,116.5
96,130,122.8
96,140,127.6
96,150,131.2
96,160,133.6
96,170,134.8
96,180,135
96,190,134.2
96,200,132.9
96,210,131.8
96,220,131.8
96,230,130.9
96,270,127.7
96,280,126.8
96,290,126
96,299,125.3
379,0,0
379,1,0
379,10,3.4
379,20,11.1
379,30,21.2
379,40,32.8
379,50,45.3
379,60,58.2
379,70,71.2
379,80,84
379,90,96.4
379,100,108.2
379,110,119.4
379,120,129.9
379,130,139.6
379,140,148.4
379,150,156.4
379,160,163.6
379,170,169.9
379,180,175.3
379,190,180
379,200,184
379,210,187.1
379,220,189.6
379,230,191.4
379,240,192.7
379,250,193.3
379,260,193.3
379,270,192.9
379,280,192.1
379,290,190.8
379,299,189.9
249,0,0
249,1,0
249,10,3.2
249,20,13.1
249,30,28.1
249,40,46.4
249,50,66.6
249,60,87.4
249,70,108.1
249,80,127.9
249,90,146.2
249,100,162.8
249,110,177.4
249,120,189.9
249,130,200.3
249,140,208.6
249,150,214.8
249,160,219.1
249,170,221.7
249,180,222.6
249,190,222
249,200,220.4
249,210,218.7
249,220,218.2
249,230,217
249,250,214.4
249,260,213.2
249,280,210.6
249,290,209.4
249,299,208.2
49,0,0
49,1,0
49,10,2.9
49,20,12.7
49,30,28
49,40,47.1
49,50,68.2
49,60,90.3
49,70,112
49,80,132.7
49,90,151.8
49,100,168.8
49,110,183.5
49,120,195.9
49,130,205.7
49,140,213.3
49,150,218.5
49,160,221.7
49,170,222.9
49,180,222.4
49,190,220.3
49,200,217.9
49,210,217
49,220,218.9
49,260,216.9
49,270,216.5
49,290,215.5
49,299,215.1
405,0,0
405,1,0
405,10,4.1
405,20,17.6
405,30,38.8
405,40,65.2
405,50,94.8
405,60,125.7
405,70,156.5
405,80,186.1
405,90,213.6
405,100,238.6
405,110,260.6
405,120,279.3
405,130,294.8
405,140,307.1
405,150,316.2
405,160,322.4
405,170,325.9
405,180,326.9
405,190,325.6
405,200,322.7
405,210,320.1
405,220,319.6
405,240,315.6
405,250,313.7
405,299,303.9
209,0,0
209,1,0
209,10,4.3
209,20,18.4
209,30,40.3
209,40,67.4
209,50,97.5
209,60,128.9
209,70,160
209,80,189.7
209,90,217.2
209,100,242
209,110,263.7
209,120,282.1
209,130,297.1
209,140,308.9
209,150,317.5
209,160,323.1
209,170,326
209,180,326.4
209,190,324.5
209,200,321.7
209,210,320.3
209,220,322
209,240,320.4
209,250,319.5
209,270,317.9
209,280,317
209,290,316.2
209,299,315.5
421,0,0
421,1,0
421,10,3.5
421,20,15.3
421,30,33.8
421,40,56.7
421,50,82.4
421,60,109.3
421,70,136.1
421,80,161.8
421,90,185.8
421,100,207.5
421,110,226.6
421,120,242.9
421,130,256.4
421,140,267
421,150,275
421,160,280.4
421,170,283.4
421,180,284.2
421,190,283.1
421,200,280.6
421,210,278.4
421,220,277.9
421,240,274.5
421,250,272.7
421,280,267.6
421,290,265.8
421,299,264.3
280,0,0
280,1,0
280,10,3.5
280,20,15.1
280,30,33.1
280,40,55.4
280,50,80.2
280,60,106.1
280,70,131.8
280,80,156.5
280,90,179.3
280,100,199.8
280,110,217.8
280,120,233
280,130,245.5
280,140,255.3
280,150,262.4
280,160,267.1
280,170,269.6
280,180,269.9
280,190,268.4
280,200,265.8
280,210,263.7
280,220,263.5
280,230,261.9
280,240,260.2
280,260,257
280,270,255.3
280,280,253.7
280,290,252
280,299,250.6
95,0,0
95,1,0
95,10,3.5
95,20,15.1
95,30,33.1
95,40,55.4
95,50,80.2
95,60,106.1
95,70,131.8
95,80,156.5
95,90,179.3
95,100,199.8
95,110,217.8
95,120,233
95,130,245.5
95,140,255.3
95,150,262.4
95,160,267.1
95,170,269.6
95,180,269.9
95,190,268.4
95,200,265.8
95,210,263.7
95,220,263.5
95,230,261.9
95,240,260.2
95,260,257
95,270,255.3
95,280,253.7
95,290,252
95,299,250.6
426,0,0
426,1,0
426,10,5.8
426,20,25.4
426,30,56.1
426,40,94.1
426,50,136.5
426,60,180.5
426,70,224.1
426,80,265.5
426,90,303.6
426,100,337.6
426,110,367.1
426,120,391.7
426,130,411.5
426,140,426.5
426,150,437
426,160,443.3
426,170,445.8
426,180,444.8
426,190,440.7
426,200,435.8
426,210,434.1
426,220,437.8
426,240,435.8
426,250,434.9
426,270,432.9
426,280,432
426,299,430.1
387,0,0
387,1,0
387,10,5.5
387,20,23.6
387,30,51.6
387,40,86.3
387,50,124.9
387,60,165
387,70,204.8
387,80,242.8
387,90,278.1
387,100,309.8
387,110,337.5
387,120,361.1
387,130,380.3
387,140,395.3
387,150,406.3
387,160,413.5
387,170,417.2
387,180,417.7
387,190,415.4
387,200,411.8
387,210,410
387,220,412.2
387,230,411.1
387,240,410.1
387,260,407.9
387,270,406.9
387,290,404.7
387,299,403.8
250,0,0
250,1,0
250,10,10.6
250,20,43.9
250,30,94.2
250,40,155.5
250,50,222.8
250,60,292.7
250,70,361.9
250,80,428
250,90,489.5
250,100,545.1
250,110,594
250,120,635.9
250,130,670.6
250,140,698.3
250,150,719.2
250,160,733.7
250,170,742.2
250,180,745.2
250,190,743.4
250,200,737.7
250,210,732.2
250,220,730.6
250,230,726.3
250,250,717.9
250,260,713.6
250,280,705.2
250,290,700.9
250,299,697.1
208,0,0
208,1,0
208,10,10.3
208,20,44.2
208,30,96.8
208,40,161.9
208,50,234.2
208,60,309.3
208,70,383.9
208,80,455.3
208,90,521.5
208,100,580.9
208,110,632.9
208,120,677
208,130,713.1
208,140,741.3
208,150,761.8
208,160,775.4
208,170,782.3
208,180,783.2
208,190,778.9
208,200,772.1
208,210,768.7
208,220,772.9
208,290,758.9
208,299,757
189,0,0
189,1,0
189,10,9.6
189,20,39.9
189,30,85.6
189,40,141.3
189,50,202.6
189,60,266.1
189,70,329
189,80,389.1
189,90,445
189,100,495.5
189,110,540
189,120,578
189,130,609.6
189,140,634.8
189,150,653.8
189,160,666.9
189,170,674.7
189,180,677.4
189,190,675.8
189,210,665.6
189,220,664.1
189,230,660.3
189,240,656.4
189,250,652.6
189,260,648.7
189,270,644.9
189,280,641
189,290,637.2
189,299,633.7
51,0,0
51,1,0
51,10,4.9
51,20,21.2
51,30,46.7
51,40,78.5
51,50,113.7
51,60,150.4
51,70,186.7
51,80,221.2
51,90,253
51,100,281.4
51,110,305.9
51,120,326.4
51,130,342.9
51,140,355.4
51,150,364.2
51,160,369.4
51,170,371.5
51,180,370.6
51,190,367.2
51,200,363.2
51,210,361.7
51,220,364.8
51,290,359.2
51,299,358.4
97,0,0
97,1,0
97,10,12.2
97,20,52.8
97,30,115.8
97,40,194
97,50,280.9
97,60,371.4
97,70,461.5
97,80,547.5
97,90,627.4
97,100,699.3
97,110,762.2
97,120,815.7
97,130,859.3
97,140,893.6
97,150,918.6
97,160,935
97,170,943.5
97,180,944.8
97,190,939.6
97,200,930.4
97,210,923
97,220,922.3
97,240,910.9
97,260,899.3
97,290,882.2
97,299,876.9
386,0,0
386,1,0
386,10,11.7
386,20,50.1
386,30,109.7
386,40,183.5
386,50,265.3
386,60,350.5
386,70,435.1
386,80,516
386,90,590.9
386,100,658.3
386,110,717.3
386,120,767.2
386,130,808.2
386,140,840.2
386,150,863.5
386,160,878.8
386,170,886.7
386,180,887.7
386,190,882.7
386,200,875
386,210,871.2
386,220,875.9
386,230,873.7
386,250,869.1
386,260,866.9
386,280,862.3
386,290,860.1
386,299,858
50,0,0
50,1,0
50,10,11.7
50,20,50.8
50,30,112.2
50,40,188.2
50,50,273.1
50,60,361
50,70,448.2
50,80,531.1
50,90,607.2
50,100,675.3
50,110,734.2
50,120,783.4
50,130,823
50,140,853
50,150,874
50,160,886.6
50,170,891.5
50,180,889.5
50,190,881.3
50,200,871.6
50,210,868.3
50,220,875.5
50,240,871.7
50,250,869.7
50,260,867.8
50,270,865.8
50,299,860.3
13,0,0
13,1,0
13,10,3.5
13,20,13.7
13,30,27.5
13,40,42.3
13,50,56.8
13,60,69.8
13,70,81
13,80,89.9
13,90,96.5
13,100,100.9
13,110,103.3
13,120,103.9
13,130,103
13,140,100.8
13,150,97.6
13,160,93.6
13,170,89.1
13,180,84.2
13,190,79
13,200,75
13,210,73.9
13,220,75.6
13,230,74.5
13,240,73.3
13,270,70
13,280,68.8
13,290,67.7
13,299,66.7
423,0,0
423,1,0
423,10,12.4
423,20,53.6
423,30,118.1
423,40,198.6
423,50,288.4
423,60,382.4
423,70,476.2
423,80,566.3
423,90,650.2
423,100,726.2
423,110,793
423,120,850.2
423,130,897.2
423,140,934.7
423,150,962.4
423,160,981.3
423,170,991.8
423,180,994.8
423,190,990.8
423,200,982.2
423,210,974.4
423,220,972.7
423,230,966.7
423,240,960.6
423,260,948.6
423,280,936.4
423,290,930.5
423,299,925
425,0,0
425,1,0
425,10,13.7
425,20,59.3
425,30,130.8
425,40,219.7
425,50,318.5
425,60,421.2
425,70,522.8
425,80,619.5
425,90,708.4
425,100,787.9
425,110,856.5
425,120,914
425,130,960.1
425,140,995.2
425,150,1019.7
425,160,1034.4
425,170,1040.1
425,180,1037.7
425,190,1028.1
425,200,1016.9
425,210,1012.9
425,220,1021.4
425,240,1017
425,250,1014.6
425,270,1010.2
425,280,1007.9
425,299,1003.7
404,0,0
404,1,0
404,10,13.6
404,20,59
404,30,130
404,40,218.5
404,50,317.2
404,70,523.8
404,80,622.9
404,90,715.3
404,100,798.8
404,110,872.3
404,120,935.2
404,130,987
404,140,1028.1
404,150,1058.7
404,160,1079.5
404,170,1091
404,180,1094.2
404,190,1089.9
404,200,1080.4
404,210,1071.9
404,220,1070
404,230,1063.4
404,250,1050
404,260,1043.4
404,270,1036.7
404,290,1023.5
404,299,1017.5
281,0,0
281,1,0
281,10,14
281,20,60.3
281,30,132.3
281,40,221.7
281,50,321
281,60,424.5
281,70,527.4
281,80,625.7
281,90,717
281,100,799.2
281,110,871.1
281,120,932.2
281,130,982.1
281,140,1021.2
281,150,1049.8
281,160,1068.6
281,170,1078.3
281,180,1079.8
281,190,1073.8
281,200,1063.3
281,210,1054.8
281,220,1054.1
281,230,1047.5
281,240,1041
281,260,1027.8
281,270,1021.3
281,280,1014.7
281,290,1008.2
281,299,1002.2
251,0,0
251,1,0
251,10,13.8
251,20,57
251,30,122.3
251,40,201.9
251,50,289.4
251,60,380.1
251,70,470
251,80,555.9
251,90,635.7
251,100,707.9
251,110,771.4
251,120,825.8
251,130,870.9
251,140,906.9
251,150,934
251,160,952.8
251,170,963.9
251,180,967.8
251,190,965.4
251,200,958.1
251,210,950.9
251,220,948.8
251,290,910.3
251,299,905.3
388,0,0
388,1,0
388,10,17.2
388,20,73.7
388,30,161.3
388,40,269.8
388,50,390.2
388,60,515.5
388,70,639.9
388,80,758.8
388,90,869
388,100,968.1
388,110,1054.8
388,120,1128.3
388,130,1188.5
388,140,1235.5
388,150,1269.8
388,160,1292.3
388,170,1303.9
388,180,1305.4
388,190,1298.1
388,200,1286.8
388,210,1281.2
388,220,1288.1
388,240,1281.5
388,250,1278.1
388,270,1271.5
388,280,1268.1
388,290,1264.8
388,299,1261.8
210,0,0
210,1,0
210,10,17.2
210,20,73.7
210,30,161.3
210,40,269.8
210,50,390.2
210,60,515.5
210,70,639.9
210,80,758.8
210,90,869
210,100,968.1
210,110,1054.8
210,120,1128.3
210,130,1188.5
210,140,1235.5
210,150,1269.8
210,160,1292.3
210,170,1303.9
210,180,1305.4
210,190,1298.1
210,200,1286.8
210,210,1281.2
210,220,1288.1
210,240,1281.5
210,250,1278.1
210,270,1271.5
210,280,1268.1
210,290,1264.8
210,299,1261.8
190,0,0
190,1,0
190,10,13.8
190,20,57
190,30,122.3
190,40,201.9
190,50,289.4
190,60,380.1
190,70,470
190,80,555.9
190,90,635.7
190,100,707.9
190,110,771.4
190,120,825.8
190,130,870.9
190,140,906.9
190,150,934
190,160,952.8
190,170,963.9
190,180,967.8
190,190,965.4
190,200,958.1
190,210,950.9
190,220,948.8
190,290,910.3
190,299,905.3
282,0,0
282,1,0
282,10,17.5
282,20,75.4
282,30,165.4
282,40,277.1
282,50,401.2
282,60,530.6
282,70,659.2
282,80,782.2
282,90,896.3
282,100,999
282,110,1088.9
282,120,1165.2
282,130,1227.6
282,140,1276.5
282,150,1312.2
282,160,1335.7
282,170,1347.9
282,180,1349.7
282,190,1342.2
282,200,1329.1
282,210,1318.5
282,220,1317.6
282,290,1260.2
282,299,1252.8
98,0,0
98,1,0
98,10,17.5
98,20,75.4
98,30,165.4
98,40,277.1
98,50,401.2
98,60,530.6
98,70,659.2
98,80,782.2
98,90,896.3
98,100,999
98,110,1088.9
98,120,1165.2
98,130,1227.6
98,140,1276.5
98,150,1312.2
98,160,1335.7
98,170,1347.9
98,180,1349.7
98,190,1342.2
98,200,1329.1
98,210,1318.5
98,220,1317.6
98,290,1260.2
98,299,1252.8
424,0,0
424,1,0
424,10,17.7
424,20,76.6
424,30,168.8
424,40,283.7
424,50,412
424,70,680.3
424,80,809
424,90,928.9
424,100,1037.4
424,110,1132.9
424,120,1214.5
424,130,1281.8
424,140,1335.2
424,150,1374.9
424,160,1401.9
424,170,1416.9
424,180,1421.1
424,190,1415.5
424,200,1403.1
424,210,1392
424,220,1389.6
424,230,1381
424,240,1372.3
424,260,1355.1
424,270,1346.4
424,290,1329.2
424,299,1321.4
406,0,0
406,1,0
406,10,17.7
406,20,76.6
406,30,168.8
406,40,283.7
406,50,412
406,70,680.3
406,80,809
406,90,928.9
406,100,1037.4
406,110,1132.9
406,120,1214.5
406,130,1281.8
406,140,1335.2
406,150,1374.9
406,160,1401.9
406,170,1416.9
406,180,1421.1
406,190,1415.5
406,200,1403.1
406,210,1392
406,220,1389.6
406,230,1381
406,240,1372.3
406,260,1355.1
406,270,1346.4
406,290,1329.2
406,299,1321.4
427,0,0
427,1,0
427,10,19.5
427,20,84.7
427,30,186.9
427,40,313.8
427,50,455
427,60,601.7
427,70,746.9
427,80,885
427,90,1012
427,100,1125.5
427,110,1223.6
427,120,1305.7
427,130,1371.6
427,140,1421.7
427,150,1456.7
427,160,1477.7
427,170,1485.9
427,180,1482.5
427,190,1468.8
427,200,1452.7
427,210,1447
427,220,1459.2
427,240,1452.8
427,250,1449.5
427,290,1436.7
427,299,1433.8
52,0,0
52,1,0
52,10,19.5
52,20,84.7
52,30,186.9
52,40,313.8
52,50,455
52,60,601.7
52,70,746.9
52,80,885
52,90,1012
52,100,1125.5
52,110,1223.6
52,120,1305.7
52,130,1371.6
52,140,1421.7
52,150,1456.7
52,160,1477.7
52,170,1485.9
52,180,1482.5
52,190,1468.8
52,200,1452.7
52,210,1447
52,220,1459.2
52,240,1452.8
52,250,1449.5
52,290,1436.7
52,299,1433.8
14,0,0
14,1,0
14,10,17.6
14,20,68.4
14,30,137.3
14,40,211.6
14,50,283.8
14,60,349.2
14,70,404.8
14,80,449.3
14,90,482.3
14,100,504.4
14,110,516.4
14,120,519.4
14,130,514.9
14,140,504
14,150,488.1
14,160,468.2
14,170,445.5
14,180,420.8
14,190,394.8
14,200,375.2
14,210,369.6
14,220,377.9
14,270,349.9
14,280,344.2
14,290,338.6
14,299,333.6
12,0,0
12,1,0
12,10,12.3
12,20,47.9
12,30,96.1
12,40,148.1
12,50,198.6
12,60,244.5
12,70,283.3
12,80,314.5
12,90,337.6
12,100,353.1
12,110,361.5
12,120,363.6
12,130,360.4
12,140,352.8
12,150,341.7
12,160,327.8
12,170,311.9
12,180,294.5
12,190,276.3
12,200,262.7
12,210,258.7
12,220,264.5
12,260,248.9
12,270,244.9
12,280,241
12,290,237
12,299,233.5
422,0,0
422,1,0
422,10,1.8
422,20,7.7
422,30,16.9
422,40,28.4
422,50,41.2
422,70,68
422,80,80.9
422,90,92.9
422,100,103.7
422,110,113.3
422,120,121.4
422,130,128.2
422,140,133.5
422,150,137.5
422,160,140.2
422,170,141.7
422,180,142.1
422,190,141.6
422,200,140.3
422,210,139.2
422,220,139
422,240,137.2
422,250,136.4
422,270,134.6
422,280,133.8
422,290,132.9
422,299,132.1
11,0,0
11,1,0
11,10,1.8
11,20,6.8
11,30,13.7
11,40,21.2
11,50,28.4
11,60,34.9
11,70,40.5
11,80,44.9
11,90,48.2
11,100,50.4
11,110,51.6
11,120,51.9
11,130,51.5
11,140,50.4
11,150,48.8
11,160,46.8
11,170,44.5
11,180,42.1
11,190,39.5
11,200,37.5
11,210,37
11,220,37.8
11,230,37.2
11,240,36.7
11,260,35.5
11,270,35
11,280,34.4
11,290,33.9
11,299,33.4
177,0,0
177,20,0
177,30,0.1
177,40,2.2
177,50,6.5
177,60,11.3
177,70,16.3
177,80,21.1
177,90,25.4
177,100,29.8
177,110,33.9
177,120,37.5
177,130,40.6
177,140,43.3
177,160,48.5
177,170,50.9
177,180,52.9
177,190,54.7
177,200,56.2
177,210,57.8
177,230,60.4
177,250,62.6
177,270,64.4
177,290,65.8
176,0,0
176,20,0
176,30,0.2
176,40,4.4
176,50,13
176,60,22.6
176,70,32.5
176,80,42.2
176,90,50.8
176,100,59.7
176,110,67.8
176,120,75
176,130,81.2
176,140,86.6
176,150,91.9
176,160,97
176,170,101.7
176,180,105.8
176,190,109.3
176,200,112.5
176,210,115.5
176,220,118.3
176,230,120.8
176,240,123.1
176,250,125.2
176,260,127.1
176,280,130.3
176,290,131.5
132,0,0
132,20,0
132,30,0.1
132,40,2.6
132,50,7.2
132,60,12.3
132,70,17.5
132,80,22.6
132,100,31.8
132,110,36
132,120,39.7
132,130,42.9
132,140,45.7
132,150,48.6
132,160,51.2
132,170,53.6
132,180,55.7
132,190,57.5
132,200,59.2
132,220,62.2
132,230,63.5
132,240,64.7
132,260,66.7
132,270,67.6
132,280,68.4
132,290,69
121,0,0
121,20,0
121,30,0.2
121,40,4.6
121,50,13
121,60,22.1
121,70,31.6
121,80,40.7
121,90,48.9
121,100,57.3
121,110,64.8
121,120,71.5
121,130,77.2
121,150,87.4
121,160,92.2
121,170,96.5
121,180,100.2
121,190,103.4
121,200,106.5
121,210,109.3
121,220,111.9
121,230,114.3
121,240,116.4
121,250,118.3
121,260,120.1
121,270,121.7
121,290,124.3
178,0,0
178,20,0
178,30,0.6
178,40,15.4
178,50,45.4
178,60,78.9
178,70,113.8
178,80,147.8
178,90,178
178,100,208.9
178,110,237.1
178,120,262.4
178,130,284.1
178,140,303.1
178,150,321.5
178,160,339.7
178,170,355.9
178,180,370.2
178,190,382.5
178,200,393.8
178,210,404.2
178,220,413.9
178,230,422.7
178,240,430.8
178,250,438.2
178,260,444.7
178,270,450.5
178,280,455.9
178,290,460.4
167,0,0
167,20,0
167,30,0.5
167,40,13.4
167,50,39.6
167,60,68.8
167,70,99.2
167,80,128.8
167,90,155.1
167,100,182
167,110,206.7
167,120,228.7
167,130,247.6
167,140,264.1
167,150,280.2
167,160,296
167,170,310.2
167,180,322.6
167,190,333.4
167,200,343.1
167,210,352.3
167,220,360.7
167,230,368.4
167,240,375.4
167,250,381.9
167,260,387.5
167,270,392.6
167,280,397.3
167,290,401.2
166,0,0
166,20,0
166,30,0.4
166,40,8.6
166,50,25.3
166,60,44
166,70,63.4
166,80,82.3
166,90,99.1
166,100,116.4
166,110,132.1
166,120,146.2
166,130,158.3
166,140,168.9
166,150,179.1
166,160,189.2
166,170,198.3
166,180,206.3
166,190,213.1
166,200,219.4
166,210,225.2
166,220,230.6
166,230,235.5
166,240,240
166,250,244.1
166,260,247.8
166,270,251
166,280,254
166,290,256.5
168,0,0
168,20,0
168,30,0.9
168,40,22
168,50,64.9
168,60,112.8
168,70,162.6
168,80,211.1
168,90,254.2
168,100,298.4
168,110,338.8
168,120,374.9
168,130,405.9
168,140,433
168,150,459.3
168,160,485.2
168,170,508.5
168,180,528.9
168,190,546.5
168,200,562.5
168,210,577.5
168,220,591.3
168,230,603.9
168,240,615.4
168,250,626
168,260,635.3
168,270,643.6
168,280,651.3
168,290,657.7
133,0,0
133,20,0
133,30,0.9
133,40,18
133,50,50.5
133,60,86
133,70,122.8
133,80,158.4
133,90,190.1
133,100,222.7
133,110,252
133,120,278.1
133,130,300.1
133,140,320
133,150,339.8
133,160,358.6
133,170,375.2
133,180,389.5
133,190,402.3
133,200,414.1
133,210,425.2
133,220,435.2
133,230,444.3
133,240,452.7
133,250,460.1
133,260,466.9
133,270,473.2
133,280,478.4
133,290,483.2
131,0,0
131,20,0
131,30,0.3
131,40,5.1
131,50,14.4
131,60,24.6
131,70,35.1
131,80,45.2
131,90,54.3
131,100,63.6
131,110,72
131,120,79.4
131,130,85.7
131,150,97.1
131,160,102.5
131,170,107.2
131,180,111.3
131,190,114.9
131,200,118.3
131,210,121.5
131,220,124.3
131,230,127
131,240,129.4
131,250,131.5
131,260,133.4
131,270,135.2
131,280,136.7
131,290,138.1
123,0,0
123,20,0
123,30,1.3
123,40,25.7
123,50,72.1
123,60,122.9
123,70,175.4
123,80,226.2
123,90,271.6
123,100,318.1
123,110,360
123,120,397.2
123,130,428.7
123,150,485.5
123,160,512.3
123,170,536
123,180,556.5
123,190,574.7
123,200,591.6
123,210,607.4
123,220,621.7
123,230,634.8
123,240,646.8
123,250,657.3
123,260,667
123,270,676
123,280,683.5
123,290,690.3
122,0,0
122,20,0
122,30,1.1
122,40,21.1
122,50,59.1
122,60,100.8
122,70,143.8
122,80,185.5
122,90,222.7
122,100,260.8
122,110,295.2
122,120,325.7
122,130,351.5
122,150,398.1
122,160,420.1
122,170,439.5
122,180,456.3
122,190,471.3
122,200,485.1
122,210,498.1
122,220,509.8
122,230,520.5
122,240,530.4
122,250,539
122,260,546.9
122,270,554.3
122,280,560.5
122,290,566
115,0,0
115,20,0
115,30,0.3
115,40,1.7
115,50,5.4
115,60,12.1
115,70,21.5
115,80,32.4
115,90,43.6
115,100,54.5
115,110,64.8
115,120,74.1
115,130,82.2
115,140,89
115,150,94.6
115,160,98.9
115,170,101.9
115,180,103.9
115,190,104.9
115,200,104.9
115,210,104.1
115,220,102.6
115,230,100.6
115,240,98
115,250,95.9
115,260,95.3
115,270,96.2
115,280,95.5
115,290,94.9
115,299,94.3
271,0,0
271,20,0
271,30,4.4
271,40,17.8
271,50,33.6
271,60,49.7
271,70,64.7
271,80,79.4
271,90,92.2
271,100,103.4
271,110,113.8
271,120,123.6
271,130,132.4
271,140,140.3
271,150,147.4
271,160,154.1
271,170,160.1
271,180,165.6
271,190,170.8
271,200,175.2
271,210,179.3
271,220,183
79,0,0
79,20,0
79,30,2.3
79,40,9.3
79,50,17.7
79,60,26.2
79,70,34.1
79,80,41.8
79,90,48.5
79,100,54.4
79,110,59.9
79,120,65
79,130,69.7
79,140,73.8
79,150,77.6
79,160,81.1
79,170,84.3
79,180,87.2
79,190,89.9
79,200,92.2
79,210,94.4
79,220,96.3
78,0,0
78,20,0
78,30,4.6
78,40,18.7
78,50,35.3
78,60,52.3
78,70,68.1
78,80,83.6
78,90,97.1
78,100,108.8
78,110,119.8
78,120,130.1
78,130,139.4
78,140,147.7
78,150,155.2
78,160,162.2
78,170,168.6
78,180,174.3
78,190,179.7
78,200,184.5
78,210,188.8
78,220,192.6
273,0,0
273,10,0
273,20,0.1
273,30,23
273,40,93.5
273,50,176.6
273,60,261.7
273,70,340.5
273,80,417.8
273,90,485.4
273,100,544
273,110,598.8
273,120,650.3
273,130,696.8
273,140,738.4
273,150,776
273,160,811.2
273,170,842.8
273,180,871.7
273,190,898.7
273,200,922.3
273,210,943.8
273,220,963.2
272,0,0
272,10,0
272,20,0.1
272,30,18.6
272,40,75.7
272,50,143
272,60,212
272,70,275.8
272,80,338.4
272,90,393.2
272,100,440.6
272,110,485
272,120,526.7
272,130,564.4
272,140,598.1
272,150,628.6
272,160,657.1
272,170,682.7
272,180,706.1
272,190,727.9
272,200,747.1
272,210,764.5
272,220,780.2
117,0,0
117,10,0
117,20,0.1
117,30,1.5
117,40,9.3
117,50,30
117,60,67.2
117,70,119.2
117,80,179.7
117,90,242.1
117,100,303
117,110,360
117,120,411.5
117,130,456.5
117,140,494.5
117,150,525.3
117,160,549.2
117,170,566.4
117,180,577.3
117,190,582.6
117,200,582.8
117,210,578.4
117,220,570.2
117,230,558.6
117,240,544.3
117,250,532.8
117,260,529.4
117,270,534.4
117,290,527
117,299,523.6
116,0,0
116,10,0
116,20,0.1
116,30,1.2
116,40,7.6
116,50,24.6
116,60,55.1
116,70,97.7
116,80,147.3
116,90,198.5
116,100,248.5
116,110,295.2
116,120,337.4
116,130,374.3
116,140,405.5
116,150,430.7
116,160,450.3
116,170,464.5
116,180,473.4
116,190,477.7
116,200,477.9
116,210,474.3
116,220,467.6
116,230,458
116,240,446.3
116,250,436.9
116,260,434.1
116,270,438.2
116,280,435.2
116,290,432.1
116,299,429.3
347,0,0
347,10,0
347,20,0.1
347,30,5.7
347,40,14.7
347,50,24.5
347,60,33.9
347,70,42.7
347,80,50.4
347,90,57.5
347,100,64.2
347,110,70.2
347,120,75.7
347,130,80.9
347,140,85.6
192,0,0
192,10,0
192,20,0.1
192,30,6.8
192,40,17.6
192,50,29.3
192,60,40.6
192,70,51.2
192,80,60.4
192,90,68.8
192,100,76.9
192,110,84
192,120,90.7
192,130,96.8
192,140,102.5
143,0,0
143,10,0
143,20,0.1
143,30,0.9
143,40,3.6
143,50,8.9
143,60,17
143,70,26.9
143,80,37.9
143,90,49.4
143,100,60.8
143,110,71.6
143,120,81.7
143,130,90.8
143,140,98.8
143,150,105.5
143,160,111
143,170,115.2
143,180,118.3
143,190,120.3
143,200,120.7
143,210,119.9
143,220,118.7
143,280,115.7
143,290,115.1
143,299,114.7
81,0,0
81,10,0
81,20,0.1
81,30,23
81,40,93.5
81,50,176.6
81,60,261.7
81,70,340.5
81,80,417.8
81,90,485.4
81,100,544
81,110,598.8
81,120,650.3
81,130,696.8
81,140,738.4
81,150,776
81,160,811.2
81,170,842.8
81,180,871.7
81,190,898.7
81,200,922.3
81,210,943.8
81,220,963.2
80,0,0
80,10,0
80,20,0.1
80,30,16.1
80,40,65.5
80,50,123.6
80,60,183.2
80,70,238.3
80,80,292.4
80,90,339.8
80,100,380.8
80,110,419.1
80,120,455.2
80,130,487.7
80,140,516.9
80,150,543.2
80,160,567.9
80,170,589.9
80,180,610.2
80,190,629.1
80,200,645.6
80,210,660.6
80,220,674.3
254,0,0
254,10,0
254,20,0.3
254,30,15.5
254,40,40.4
254,50,67.5
254,60,93.4
254,70,117.7
254,80,138.9
254,90,158.3
254,100,176.8
254,110,193.3
254,120,208.6
254,130,222.7
254,140,235.7
191,0,0
191,10,0
191,20,0.3
191,30,13.5
191,40,35.1
191,50,58.7
191,60,81.2
191,70,102.4
191,80,120.8
191,90,137.7
191,100,153.8
191,110,168.1
191,120,181.4
191,130,193.6
191,140,205
147,0,0
147,10,0
147,20,0.3
147,30,5.9
147,40,15.3
147,50,25.7
147,60,36.7
147,70,47.4
147,90,66.6
147,100,75.4
147,110,83.4
147,120,90.9
147,130,97.8
147,140,104.1
147,150,109.8
147,160,115
268,0,0
268,10,0
268,20,0.4
268,30,2.6
268,40,8.1
268,50,17.1
268,60,29.2
268,70,42.8
268,80,56.9
268,90,70.7
268,100,83.8
268,110,95.8
268,120,106.5
268,130,115.7
268,140,123.4
268,150,129.6
268,160,134.3
268,170,137.7
268,180,139.7
268,190,140.6
268,200,140.2
268,210,139.3
268,240,137.5
268,250,136.8
268,280,135
268,290,134.3
268,299,133.8
144,0,0
144,10,0
144,20,0.4
144,30,3.8
144,40,14.5
144,50,35.8
144,60,67.9
144,70,107.7
144,80,151.8
144,90,197.6
144,100,243
144,110,286.7
144,120,327.1
144,130,363.4
144,140,395.2
144,150,422
144,160,444
144,170,461
144,180,473.2
144,190,481
144,200,482.7
144,210,479.4
144,220,474.9
144,230,472.9
144,240,470.7
144,250,468.7
144,260,466.6
144,270,464.6
144,280,462.5
144,290,460.6
144,299,458.7
354,0,0
354,10,0
354,20,0.2
354,30,1.9
354,40,7.2
354,50,17.9
354,60,34
354,70,53.9
354,80,75.9
354,90,98.8
354,100,121.5
354,110,143.3
354,120,163.5
354,130,181.7
354,140,197.6
354,150,211
354,160,222
354,170,230.5
354,180,236.6
354,190,240.5
354,200,241.4
354,210,239.7
354,220,237.4
354,260,233.4
354,270,232.3
354,299,229.4
346,0,0
346,10,0
346,20,0.2
346,30,11.3
346,40,29.3
346,50,49
346,60,67.8
346,70,85.5
346,80,100.8
346,90,115
346,100,128.4
346,110,140.4
346,120,151.5
346,130,161.7
346,140,171.2
338,0,0
338,10,0
338,20,0.2
338,30,8.5
338,40,22
338,50,36.8
338,60,50.9
338,70,64.1
338,80,75.6
338,90,86.2
338,100,96.3
338,110,105.3
338,120,113.6
338,130,121.3
338,140,128.4
145,0,0
145,10,0
145,20,0.2
145,30,1.6
145,40,6
145,50,14.9
145,60,28.3
145,70,44.9
145,80,63.2
145,90,82.3
145,100,101.3
145,110,119.4
145,120,136.2
145,130,151.4
145,140,164.6
145,150,175.9
145,160,185
145,170,192.1
145,180,197.2
145,190,200.4
145,200,201.2
145,210,199.8
145,220,197.9
145,230,197
145,240,196.2
145,250,195.3
145,260,194.5
145,270,193.6
145,280,192.8
145,290,191.9
145,299,191.1
75,0,0
75,10,0
75,20,0.2
75,30,1.4
75,40,4.2
75,50,9
75,60,15.4
75,70,22.5
75,80,29.9
75,90,37.2
75,100,44.1
75,110,50.4
75,120,56
75,130,60.9
75,140,64.9
75,150,68.2
75,160,70.7
75,170,72.5
75,180,73.5
75,190,74
75,200,73.8
75,210,73.3
75,230,72.7
75,240,72.3
75,270,71.4
75,280,71
75,290,70.7
75,299,70.4
231,0,0
231,10,0
231,20,0.6
231,30,9.9
231,40,23.7
231,60,52.1
231,70,64.4
231,80,75.6
231,90,86.2
231,100,95.9
231,110,104.8
231,120,113.2
231,130,120.7
365,0,0
365,10,0
365,20,0.7
365,30,2.9
365,40,7.5
365,50,14.2
365,60,22.1
365,70,30.2
365,80,38
365,90,45.2
365,100,51.4
365,110,56.6
365,120,60.8
365,130,63.9
365,140,66
365,150,67.1
365,160,67.5
365,170,67.1
365,180,66.1
365,190,64.6
365,200,63
365,210,61.9
365,220,61.6
365,299,53.7
348,0,0
348,10,0
348,20,0.8
348,30,39.5
348,40,102.7
348,50,171.5
348,60,237.5
348,70,299.2
348,80,353
348,90,402.4
348,100,449.6
348,110,491.2
348,120,530.2
348,130,565.9
348,140,599.1
355,0,0
355,10,0
355,20,0.7
355,30,6.3
355,40,24.1
355,50,59.6
355,60,113.2
355,70,179.5
355,80,252.9
355,90,329.3
355,100,405.1
355,110,477.7
355,120,545
355,130,605.6
355,140,658.6
355,150,703.4
355,160,740
355,170,768.3
355,180,788.7
355,190,801.7
355,200,804.6
355,210,799.1
355,220,791.5
355,230,788.1
355,240,784.6
355,290,767.6
355,299,764.5
225,0,0
225,10,0
225,20,0.7
225,30,3.4
225,40,9.2
225,50,18.1
225,60,29.4
225,70,41.6
225,80,54.1
225,90,66.3
225,100,77.7
225,110,88.1
225,120,97.3
225,130,105.1
225,140,111.6
225,150,116.8
225,160,120.6
225,170,123.2
225,180,124.6
225,190,125
225,200,124.4
225,210,123.3
225,240,120.9
225,250,120
225,270,118.4
225,280,117.5
225,290,116.7
225,299,115.9
146,0,0
146,10,0
146,20,0.7
146,30,6.3
146,40,24.1
146,50,59.6
146,60,113.2
146,70,179.5
146,80,252.9
146,90,329.3
146,100,405.1
146,110,477.7
146,120,545
146,130,605.6
146,140,658.6
146,150,703.4
146,160,740
146,170,768.3
146,180,788.7
146,190,801.7
146,200,804.6
146,210,799.1
146,220,791.5
146,230,788.1
146,240,784.6
146,290,767.6
146,299,764.5
399,0,0
399,10,0
399,20,0.5
399,30,2.6
399,40,7.1
399,50,13.9
399,60,22.6
399,70,32
399,80,41.6
399,90,51
399,100,59.8
399,110,67.8
399,120,74.8
399,130,80.9
399,140,85.9
399,150,89.8
399,160,92.8
399,170,94.8
399,180,95.9
399,190,96.2
399,200,95.7
399,210,94.9
399,220,94.3
399,230,93.6
399,240,93
399,250,92.3
399,260,91.7
399,270,91
399,290,89.8
399,299,89.2
353,0,0
353,10,0
353,20,0.5
353,30,4.4
353,40,16.9
353,50,41.7
353,60,79.2
353,70,125.6
353,80,177
353,90,230.5
353,100,283.6
353,110,334.4
353,120,381.5
353,130,423.9
353,140,461
353,150,492.4
353,160,518
353,170,537.8
353,180,552.1
353,190,561.2
353,200,563.2
353,210,559.4
353,220,554.1
353,230,551.7
353,240,549.2
353,260,544.4
353,270,542.1
353,290,537.3
353,299,535.1
242,0,0
242,10,0
242,20,0.5
242,30,7.7
242,40,18.2
242,50,29.1
242,60,40.1
242,70,49.6
242,80,58.1
242,90,66.3
242,100,73.8
242,110,80.7
242,120,87.1
242,130,92.9
358,0,0
358,10,0
358,20,0.5
358,30,11.7
358,40,30.6
358,50,51.4
358,60,73.4
358,70,94.9
358,80,114
358,90,133.3
358,100,150.8
358,110,166.9
358,120,181.7
358,130,195.7
358,140,208.2
358,150,219.6
358,160,229.9
149,0,0
149,10,0
149,20,0.5
149,30,9.8
149,40,25.5
149,50,42.8
149,60,61.1
149,70,79.1
149,80,95
149,90,111
149,100,125.7
149,110,139.1
149,120,151.4
149,130,163.1
149,140,173.5
149,150,183
149,160,191.6
74,0,0
74,10,0
74,20,0.5
74,30,2.8
74,40,8.5
74,50,18
74,60,30.7
74,70,45.1
74,80,59.9
74,90,74.4
74,100,88.2
74,110,100.8
74,120,112.1
74,130,121.8
74,140,129.9
74,150,136.4
74,160,141.4
74,170,144.9
74,180,147.1
74,190,148
74,200,147.6
74,210,146.6
74,230,145.4
74,250,144
74,260,143.4
74,270,142.7
74,280,142.1
74,290,141.4
74,299,140.8
339,0,0
339,10,0
339,20,0.9
339,30,48
339,40,124.7
339,50,208.2
339,60,288.3
339,70,363.3
339,80,428.6
339,90,488.7
339,100,545.9
339,110,596.5
339,120,643.8
339,130,687.2
339,140,727.5
255,0,0
255,10,0
255,20,1
255,30,52.1
255,40,135.3
255,50,225.8
255,60,312.8
255,70,394.1
255,80,464.9
255,90,530
255,100,592.1
255,110,647.1
255,120,698.3
255,130,745.4
255,140,789.2
241,0,0
241,10,0
241,20,0.9
241,30,15.3
241,40,36.5
241,50,58.2
241,60,80.1
241,70,99.1
241,80,116.2
241,90,132.7
241,100,147.6
241,110,161.3
241,120,174.1
241,130,185.7
193,0,0
193,10,0
193,20,0.9
193,30,47.3
193,40,123
193,50,205.3
193,60,284.4
193,70,358.2
193,80,422.6
193,90,481.8
193,100,538.2
193,110,588.3
193,120,634.8
193,130,677.7
193,140,717.4
340,0,0
340,10,0
340,20,1.1
340,30,56.5
340,40,146.7
340,50,245
340,60,339.2
340,70,427.4
340,80,504.2
340,90,574.9
340,100,642.2
340,110,701.8
340,120,757.4
340,130,808.5
340,140,855.9
359,0,0
359,10,0
359,20,1.8
359,30,39.1
359,40,101.9
359,50,171.2
359,60,244.6
359,70,316.3
359,80,379.9
359,90,444.2
359,100,502.6
359,110,556.2
359,120,605.8
359,130,652.3
359,140,694.1
359,150,732
359,160,766.4
357,0,0
357,10,0
357,20,1.3
357,30,27.4
357,40,71.3
357,50,119.8
357,60,171.2
357,70,221.4
357,80,265.9
357,90,310.9
357,100,351.8
357,110,389.3
357,120,424.1
357,130,456.6
357,140,485.9
357,150,512.4
357,160,536.5
256,0,0
256,10,0
256,20,1.3
256,30,67.6
256,40,175.7
256,50,293.3
256,60,406.2
256,70,511.8
256,80,603.8
256,90,688.3
256,100,768.9
256,110,840.4
256,120,906.9
256,130,968.1
256,140,1024.9
194,0,0
194,10,0
194,20,1.3
194,30,67.6
194,40,175.7
194,50,293.3
194,60,406.2
194,70,511.8
194,80,603.8
194,90,688.3
194,100,768.9
194,110,840.4
194,120,906.9
194,130,968.1
194,140,1024.9
416,0,0
416,10,0
416,20,2.1
416,30,15.6
416,50,49.2
416,60,64.4
416,70,78.4
416,80,91.8
416,90,104.1
416,100,116
150,0,0
150,10,0
150,20,1.8
150,30,39.1
150,40,101.9
150,50,171.2
150,60,244.6
150,70,316.3
150,80,379.9
150,90,444.2
150,100,502.6
150,110,556.2
150,120,605.8
150,130,652.3
150,140,694.1
150,150,732
150,160,766.4
148,0,0
148,10,0
148,20,1
148,30,23.4
148,40,61.1
148,50,102.7
148,60,146.8
148,70,189.8
148,80,227.9
148,90,266.6
148,100,301.5
148,110,333.7
148,120,363.5
148,130,391.4
148,140,416.5
148,150,439.2
148,160,459.8
28,0,0
28,10,0
28,20,0.8
28,30,10.8
28,40,26.3
28,50,43.6
28,60,62.2
28,70,79.8
28,80,96.8
28,90,113.1
28,100,128.4
28,110,142.6
28,120,155.9
28,130,168.1
28,140,179
243,0,0
243,10,0
243,20,3.1
243,30,53.5
243,40,127.8
243,50,203.9
243,60,280.3
243,70,346.8
243,80,406.9
243,90,464.4
243,100,516.5
243,110,564.5
243,120,609.5
243,130,650
232,0,0
232,10,0
232,20,3.9
232,30,66.6
232,40,158.8
232,50,253.3
232,60,348.4
232,70,431.1
232,80,505.6
232,90,577.2
232,100,642
232,110,701.7
232,120,757.5
232,130,807.9
100,0,0
100,10,0
100,20,3.6
100,30,19.2
100,40,37.1
100,50,55.4
100,60,71.3
100,70,87
100,80,101.4
100,90,115.3
415,0,0
415,10,0
415,20,4.2
415,30,31.2
415,40,64.7
415,50,98.4
415,60,128.9
415,70,156.7
415,80,183.6
415,90,208.2
415,100,232
233,0,0
233,10,0
233,20,4.5
233,30,76.5
233,40,182.5
233,50,291.2
233,60,400.5
233,70,495.5
233,80,581.2
233,90,663.4
233,100,737.9
233,110,806.5
233,120,870.7
233,130,928.6
408,0,0
408,10,0
408,20,4.9
408,30,35.9
408,40,74.4
408,50,113.1
408,60,148.2
408,70,180.3
408,80,211.1
408,90,239.5
408,100,266.8
211,0,0
211,10,0
211,20,4.7
211,30,21.4
211,40,42.2
211,50,64.4
211,60,86.7
211,70,107.9
211,80,128.5
211,90,147.5
213,0,0
213,10,0
213,20,7.8
213,30,35.8
213,40,70.3
213,50,107.3
213,60,144.4
213,70,179.9
213,80,214.1
213,90,245.9
283,0,0
283,10,0
283,20,7.2
283,30,38.4
283,40,74.2
283,50,110.7
283,60,142.6
283,70,173.9
283,80,202.7
283,90,230.7
99,0,0
99,10,0
99,20,7.2
99,30,38.4
99,40,74.2
99,50,110.7
99,60,142.6
99,70,173.9
99,80,202.7
99,90,230.7
429,0,0
429,10,0
429,20,11.9
429,30,49.1
429,40,96.1
429,50,145.1
429,60,194.4
429,70,241.6
429,80,285.7
429,90,325.9
417,0,0
417,10,0
417,20,14.8
417,30,109.4
417,40,226.5
417,50,344.3
417,60,451
417,70,548.6
417,80,642.4
417,90,728.8
417,100,811.9
407,0,0
407,10,0
407,20,16.2
407,30,120.3
407,40,249.2
407,50,378.8
407,60,496.1
407,70,603.4
407,80,706.7
407,90,801.6
407,100,893.1
391,0,0
391,10,0
391,20,10
391,30,45.8
391,40,90
391,50,137.3
391,60,184.9
391,70,230.2
391,80,274.1
391,90,314.7
409,0,0
409,10,0
409,20,21.1
409,30,156.2
409,40,323.6
409,50,491.9
409,60,644.3
409,70,783.7
409,80,917.8
409,90,1041.1
409,100,1159.9
390,0,0
390,10,0
390,20,21.1
390,30,97.2
390,40,191.4
390,50,291.9
390,60,392.8
390,70,489.3
390,80,582.4
390,90,668.8
212,0,0
212,10,0
212,20,18.6
212,30,85.8
212,40,168.9
212,50,257.5
212,60,346.6
212,70,431.7
212,80,513.9
212,90,590.1
55,0,0
55,10,0
55,20,9.9
55,30,40.9
55,40,80.1
55,50,121
55,60,162
55,70,201.3
55,80,238.1
55,90,271.6
428,0,0
428,10,0
428,20,27.8
428,30,114.5
428,40,224.3
428,50,338.7
428,60,453.5
428,70,563.6
428,80,666.7
428,90,760.6
284,0,0
284,10,0
284,20,28.8
284,30,153.6
284,40,296.7
284,50,442.8
284,60,570.2
284,70,695.6
284,80,810.8
284,90,922.7
392,0,0
392,10,0
392,20,31.1
392,30,143
392,40,281.4
392,50,429.2
392,60,577.7
392,70,719.5
392,80,856.5
392,90,983.5
214,0,0
214,10,0
214,20,31.1
214,30,143
214,40,281.4
214,50,429.2
214,60,577.7
214,70,719.5
214,80,856.5
214,90,983.5
285,0,0
285,10,0
285,20,36
285,30,192
285,40,370.9
285,50,553.5
285,60,712.8
285,70,869.5
285,80,1013.5
285,90,1153.4
102,0,0
102,10,0
102,20,36
102,30,192
102,40,370.9
102,50,553.5
102,60,712.8
102,70,869.5
102,80,1013.5
102,90,1153.4
101,0,0
101,10,0
101,20,25.2
101,30,134.4
101,40,259.6
101,50,387.4
101,60,498.9
101,70,608.6
101,80,709.4
101,90,807.4
56,0,0
56,10,0
56,20,39.7
56,30,163.6
56,40,320.4
56,50,483.8
56,60,647.9
56,70,805.2
56,80,952.4
56,90,1086.5
54,0,0
54,10,0
54,20,23.8
54,30,98.2
54,40,192.2
54,50,290.2
54,60,388.7
54,70,483.1
54,80,571.4
54,90,651.9
53,0,0
53,10,0
53,20,6
53,30,24.5
53,40,48.1
53,50,72.6
53,60,97.2
53,70,120.8
53,80,142.9
53,90,163
29,0,0
29,10,0
29,20,4
29,30,53.9
29,40,131.7
29,50,218.2
29,60,310.8
29,70,399
29,80,484.2
29,90,565.7
29,100,641.9
29,110,713
29,120,779.7
29,130,840.6
29,140,895.2
27,0,0
27,10,0
27,20,2.8
27,30,37.7
27,40,92.2
27,50,152.8
27,60,217.5
27,70,279.3
27,80,339
27,90,396
27,100,449.3
27,110,499.1
27,120,545.8
27,130,588.4
27,140,626.7
26,0,0
26,10,0
26,20,0.4
26,30,5.4
26,40,13.2
26,50,21.8
26,60,31.1
26,70,39.9
26,80,48.4
26,90,56.6
26,100,64.2
26,110,71.3
26,120,78
26,130,84.1
26,140,89.5
22,0,0
22,5,0
22,6,1
22,25,1
22,26,0
7,0,0
7,5,0
7,6,1
7,25,1
7,26,0
371,0,0
371,27,0
371,28,1
370,0,0
370,26,0
370,27,1
370,28,0
325,0,0
325,50,0
325,60,1.3
325,70,4.2
325,80,8.1
325,90,12.2
325,100,16.4
325,120,25.6
325,130,29.6
325,140,33.2
325,150,36.9
325,160,41.1
325,170,44.9
325,180,48.6
325,190,52
325,200,55.3
325,210,58.1
325,220,60.4
325,230,62.6
325,240,64.7
325,250,66.7
325,260,69.1
325,280,73.5
325,290,75.5
310,0,0
310,50,0
310,60,1.8
310,70,5.9
310,80,11.4
310,90,17.1
310,100,23
310,110,29.4
310,120,35.9
310,130,41.5
310,140,46.5
310,150,51.7
310,160,57.5
310,170,62.9
310,180,68
310,190,72.8
310,200,77.4
310,210,81.4
310,220,84.6
310,230,87.7
310,240,90.6
310,250,93.4
310,260,96.7
310,270,99.9
310,280,102.8
310,290,105.6
309,0,0
309,40,0
309,50,0.2
309,60,8.5
309,70,28.1
309,80,54.3
309,90,81.4
309,100,109.3
309,110,140
309,120,170.9
309,130,197.6
309,140,221.6
309,150,246.3
309,160,273.8
309,170,299.6
309,180,324
309,190,346.9
309,200,368.4
309,210,387.5
309,220,403
309,230,417.6
309,240,431.3
309,250,444.9
309,260,460.7
309,270,475.6
309,280,489.7
309,290,503
324,0,0
324,40,0
324,50,0.1
324,60,2.1
324,70,7
324,80,13.6
324,90,20.4
324,100,27.3
324,120,42.7
324,130,49.4
324,140,55.4
324,150,61.6
324,160,68.5
324,170,74.9
324,180,81
324,190,86.7
324,200,92.1
324,210,96.9
324,220,100.8
324,230,104.4
324,250,111.2
324,260,115.2
324,270,118.9
324,280,122.4
324,290,125.8
308,0,0
308,40,0
308,50,0.1
308,60,2.4
308,70,7.9
308,80,15.2
308,90,22.8
308,100,30.6
308,110,39.2
308,120,47.9
308,130,55.3
308,140,62
308,150,69
308,160,76.7
308,170,83.9
308,180,90.7
308,190,97.1
308,200,103.2
308,210,108.5
308,220,112.8
308,230,116.9
308,240,120.8
308,250,124.6
308,260,129
308,270,133.2
308,280,137.1
308,290,140.8
323,0,0
323,40,0
323,50,0.1
323,60,5.1
323,70,16.9
323,80,32.6
323,90,48.8
323,100,65.6
323,110,84
323,120,102.6
323,130,118.6
323,140,133
323,150,147.8
323,160,164.2
323,170,179.8
323,180,194.4
323,190,208.2
323,200,221
323,210,232.5
323,220,241.8
323,230,250.6
323,250,267
323,260,276.4
323,270,285.4
323,280,293.8
323,290,301.7
307,0,0
307,40,0
307,50,0.1
307,60,4.3
307,70,14.3
307,80,27.7
307,90,41.5
307,100,55.7
307,120,87.1
307,130,100.8
307,140,113.1
307,150,125.6
307,160,139.6
307,170,152.8
307,180,165.3
307,190,177
307,200,187.8
307,210,197.6
307,220,205.6
307,230,213
307,240,219.9
307,250,226.9
307,260,235
307,270,242.5
307,280,249.8
307,290,256.6
369,0,0
369,25,0
369,26,1
369,27,0
185,0,0
185,25,0
185,26,1
185,100,1
185,101,0
70,0,0
70,25,0
70,26,1
70,110,1
70,111,0
43,0,0
43,25,0
43,26,1
43,90,1
43,91,0
302,0,0
302,25,0
302,26,1
302,210,1
302,211,0
18,0,0
18,25,0
18,26,1
18,120,1
18,121,0
220,0,0
220,25,0
220,26,1
220,100,1
220,101,0
291,0,0
291,25,0
291,26,1
291,210,1
291,211,0
3,0,0
3,25,0
3,26,1
3,120,1
3,121,0
45,0,0
45,91,0
45,92,1
44,0,0
44,90,0
44,91,1
44,92,0
403,0,0
403,101,0
403,102,1
368,0,0
368,110,0
368,260,1
332,0,0
332,110,0
332,170,1
160,0,0
160,110,0
160,160,1
139,0,0
139,110,0
139,111,1
139,160,1
139,161,0
71,0,0
71,110,0
71,111,1
71,200,1
71,201,0
253,0,0
253,100,0
253,101,1
253,140,1
253,141,0
221,0,0
221,100,0
221,101,1
221,130,1
221,131,0
402,0,0
402,100,0
402,101,1
402,102,0
229,0,0
229,100,0
229,101,1
229,130,1
229,131,0
186,0,0
186,100,0
186,101,1
186,140,1
186,141,0
252,0,0
252,100,0
252,180,1
94,0,0
94,100,0
94,180,1
42,0,0
42,100,0
42,170,1
230,0,0
230,130,0
230,131,1
222,0,0
222,130,0
222,131,1
69,0,0
69,130,0
69,190,1
140,0,0
140,160,0
140,161,1
304,0,0
304,211,0
304,212,1
293,0,0
293,211,0
293,212,1
303,0,0
303,210,0
303,211,1
303,212,0
292,0,0
292,210,0
292,211,1
292,212,0
112,0,0
112,200,0
112,201,1
72,0,0
72,200,0
72,201,1
118,0,0
118,140,0
118,200,1
110,0,0
110,140,0
110,200,1
20,0,0
20,140,0
20,141,1
5,0,0
5,140,0
5,141,1
301,0,0
301,120,0
301,299,1
290,0,0
290,120,0
290,299,1
228,0,0
228,120,0
228,190,1
219,0,0
219,120,0
219,190,1
119,0,0
119,120,0
119,121,1
119,200,1
119,201,0
19,0,0
19,120,0
19,121,1
19,140,1
19,141,0
111,0,0
111,120,0
111,121,1
111,200,1
111,201,0
4,0,0
4,120,0
4,121,1
4,140,1
4,141,0
17,0,0
17,249,0
17,250,1
1,0,0
1,249,0
1,250,1
16,0,0
16,60,0
16,120,1
0,0,0
0,60,0
0,120,1
